Manuel Neuer,
Tom Starke,
Sven Ulreich,
David Alaba,
Philipp Lahm,
Rafinha,
Joshua Kimmich,
Jerome Boateng,
Juan Bernat,
Javier Martinez,
Mehdi Benatia,
Holger Badstuber,
Serdar Tasci,
Dante,
Jan Kirchhoff,
Arturo Vidal,
Douglas Costa,
Thiago,
Xabi Alonso,
Arjen Robben,
Sebastian Rode,
Franck Ribery,
Gianluca Gaudino,
Pierre Emil H&ouml;jbjerg,
Julian Green,
Robert Lewandowski,
Thomas M&uuml;ller,
Kingsley Coman,
Mario G&ouml;tze,
Milos Pantovic,
Sinan Kurt,
Roman B&uuml;rki,
Roman Weidenfeller,
Hendrik Bonmann,
Mats Hummels,
Marcel Schmelzer,
Sokratis,
Matthias Ginter,
Lukasz Piszczek,
Erik Durm,
Neven Subotic,
Joo Ho Park,
Jeremy Dudziak,
Pascal Stenzel,
Henrikh Mkhitaryan,
Julian Weigl,
Shinji Kagawa,
Ilkay G&uuml;ndogan,
Marco Reus,
Gonzalo Castro,
Sven Bender,
Moritz Leitner,
Nuri Sahin,
Christian Pulisic,
Jonas Hofmann,
Adnan Januzaj,
Felix Passlack,
Kevin Kampl,
Oliver Kirch,
Kevin Gro&szlig;kreutz,
Jakub Blaszczykowski,
Pierre-Emerick Aubameyang,
Adrian Ramos,
Bernd Leno,
David Yelldell,
Dario Kresic,
Jonathan Tah,
Wendell,
Andr&eacute; Ramalho,
&Ouml;mer Toprak,
Kyriakos Papadopoulos,
Tin Jedvaj,
Giulio Donati,
Roberto Hilbert,
Sebastian Boenisch,
Lukas Boeder,
Hakan Calhanoglu,
Julian Brandt,
Christoph Kramer,
Kevin Kampl,
Lars Bender,
Wladen Yurschenko,
Marlon Frey,
Benjamin Henrichs,
Robbie Kruse,
Charles Aranguiz,
Robbie Kruse,
Seung-Woo Ryu,
Karim Bellarabi,
Stefan Kie&szlig;ling,
Chicharito,
Admir Mehmedi,
Heung-Min Son,
Yann Sommer,
Tobias Sippel,
Christofer Heimeroth,
Andreas Christensen,
Oscar Wendt,
Fabian Johnson,
Nico Elvedi,
Julian Korb,
Tony Jantschke,
Martin Hinteregger,
Roel Brouwers,
Alvaro Dominguez,
Martin Stranzl,
Mandela Egbo,
Mahmoud Dahoud,
Havard Nordtveit,
Thorgan Hazard,
Granit Xhaka,
Ibrahima Traore,
Patrick Herrmann,
Andr&eacute; Hahn,
Marvin Schulz,
Jonas Hofmann,
Nico Schulz,
Bilal Sezer,
Djibril Sow,
Raffael,
Lars Stindl,
Josip Drmic,
Branimir Hrgota,
Marlon Ritter,
Rune Jarstein,
Thomas Kraft,
Nils-Jonathan K&ouml;rber,
Marius Gersbeck,
Sascha Burchert,
Marvin Plattenhardt,
Mitchell-Elijah Weiser,
Sebastian Langkamp,
John Brooks,
Niklas Stark,
Johannes van den Bergh,
Peter Pekarik,
Yanni Reg&auml;sel,
Maximilian Mittelst&auml;dt,
Nico Beyer,
Per Skjelbred,
Genki Haraguchi,
Vladim&iacute;r Darida,
Fabian Lustenberger,
Alexander Baumjohann,
Valentin Stocker,
Tolga Cigerci,
Jens Hegeler,
Roy Beerens,
Ronny,
Nico Schulz,
Florian Kohls,
Hajime Hosogai,
&Auml;nis Ben-Hatira,
Salomon Kalou,
Vedad Ibisevic,
Julian Schieber,
Sami Allagui,
Sinan Kurt,
Ralf F&auml;hrmann,
Michael Gspurning,
Fabian Giefer,
Alexander N&uuml;bel,
Joel Matip,
Roman Neust&auml;dter,
Dennis Aogo,
Junior Caicara,
Sead Kolasinac,
Sascha Riether,
Benedikt H&ouml;wedes,
Marvin Friedrich,
Thilo Kehrer,
Kaan Ayhan,
Matija Nastasic,
Atsuto Uchida,
Felipe Santana,
Maximilian Meyer,
Johannes Geis,
Leon Goretzka,
Pierre Emil H&ouml;jbjerg,
Younes Belhanda,
Allesandro Sch&ouml;pf,
Marco H&ouml;ger,
Julian Draxler,
Kevin-Prince Boateng,
Maurice Multhaup,
Tranquillo Barnetta,
Leroy San&eacute;,
Klaas Jan Huntelaar,
Eric Maxim Choupo-Moting,
Franco Di Santo,
Sidney Sam,
Felix Platte,
Fabian Reese,
Felix Schr&ouml;ter,
Loris Karius,
Gianluca Curci,
Jannik Huth,
Daniel Brosinski,
Stefan Bell,
Leon Balogun,
Niko Bungert,
Pierre Bengtsson,
Gaetan Bussmann,
Giulio Donati,
Alexander Hack,
Gonzalo Jara,
Joo Ho Park,
Henrique Sereno,
Yunus Malli,
Julian Baumgartlinger,
Jairo,
Danny Latza,
Christian Clemens,
Fabian Frei,
Suat Serdar,
Christoph Moritz,
Karim Onisiwo,
Ja-Cheol Koo,
Philipp Klement,
Maximilian Beister,
Todor Nedelev,
Devante Parker,
Elkin Soto,
Niki Zimling,
Pablo de Blasis,
Yoshinori Muto,
Jhon Cordoba,
Florian Niederlechner,
Emil Berggreen,
Timo Horn,
Thomas Kessler,
Daniel Mesenh&ouml;ler,
Dominique Heintz,
Jonas Hector,
Dominik Maroh,
Frederik S&ouml;rensen,
Pawel Olkowski,
Filip Mladenovic,
Mergim Mavraj,
Lukas Kl&uuml;nter,
Marcel Risse,
Matthias Lehmann,
Leonardo Bittencourt,
Yannick Gerhardt,
Kevin Vogt,
Milos Jojic,
Dusan Svento,
Marcel Hartel,
Kazuki Nagasawa,
Slawomir Peszko,
Anthony Modeste,
Yuya Osako,
Simon Zoller,
Philipp Hosiner,
Bard Finne,
Ramazan &Ouml;zcan,
&Oslash;rjan Nyland,
Christian Ortag,
Marvin Matip,
Benjamin H&uuml;bner,
Robert Bauer,
Romain Br&eacute;gerie,
Danny da Costa,
Tobias Levels,
Markus Suttner,
Konstantin Engel,
Danilo,
Pascal Gro&szlig;,
Roger,
Alfredo Morales,
Stefan Lex,
Max Christiansen,
Almog Cohen,
Maurice Multhaup,
Stefan Wannenwetsch,
Thomas Pledl,
Mathew Leckie,
Moritz Hartmann,
Lukas Hinterseer,
Dario Lezcano,
Elias Kachunga,
Tomas Pekhart,
Diego Benaglio,
Koen Casteels,
Max Gr&uuml;n,
Christian Tr&auml;sch,
Naldo,
Vieirinha,
Ricardo Rodr&iacute;guez,
Dante,
Marcel Sch&auml;fer,
Sebastian Jung,
Robin Knoche,
Timm Klose,
Carlos Ascues,
Felipe Lopes,
Moritz Sprenger,
Josuha Guilavogui,
Maximilian Arnold,
Andre Sch&uuml;rrle,
Daniel Caligiuri,
Julian Draxler,
Luiz Gustavo,
Ivan Perisic,
Aaron Hunt,
Kevin De Bruyne,
Paul Seguin,
Ismail Azzaoui,
Francisco Rodriguez,
Max Kruse,
Bas Dost,
Nicklas Bendtner,
Bruno Henrique,
Leandro Putaro,
Oskar Zawada,
Sebastian Stolze,
Ren&eacute; Adler,
Jaroslav Drobny,
Andreas Hirzel,
Matthias Ostrzolek,
Emir Spahic,
Johan Djourou,
Dennis Diekmeier,
Cleber,
Gotoku Sakai,
Dren Feka,
Ronny Marcos,
Ashton-Phillip G&ouml;tz,
Lewis Holtby,
Ivo Ilicevic,
Nicolai M&uuml;ller,
Aaron Hunt,
Gideon Jung,
Gojko Kacar,
Albin Ekdal,
Marcelo Diaz,
Josip Drmic,
Nabil Bahoui,
Zolt&aacute;n Stieber,
Ahmet Arslan,
Kerem Demirbay,
Petr Jiracek,
Mohamed Gouaida,
Finn Porath,
Pierre-Michel Lasogga,
Michael Gregoritsch,
Sven Schipplock,
Artjoms Rudnevs,
Ivica Olic,
Batuhan Altintas,
Marwin Hitz,
Alexander Manninger,
Ionnis Gelios,
Yannik Oettl,
Ragnar Klavan,
Paul Verhaegh,
Philipp Max,
Jeong-Ho Hong,
Konstantinos Stafylidis,
Jeffrey Gouweleeuw,
Christoph Janker,
Jan-Ingwer Callsen-Bracker,
Daniel Opare,
Abdul Rahman Baba,
Raphael Framberger,
Maik Uhde,
Tim Rieder,
Alexander Esswein,
Dominik Kohr,
Daniel Baier,
Ja-Cheol Koo,
Caiuby,
Markus Feulner,
Halil Altintop,
Tobias Werner,
Jan Mor&aacute;vek,
Piotr Trochowski,
Shawn Parker,
Bastian Kurz,
Marco Schuster,
Max Reinthaler,
Erik Thommy,
Arif Ekin,
Raul Bobadilla,
Dong-Won Ji,
Tim Matavz,
Alfred Finnbogason,
Sascha M&ouml;lders,
Albian Ajeti,
Nikola Djurdjic,
Oliver Baumann,
Jens Grahl,
Alexander Stolz,
Niklas S&uuml;le,
Pavel Kaderabek,
Tobias Strobl,
Fabian Sch&auml;r,
Ermin Bicakcic,
Jeremy Toljan,
Jin-Su Kim,
Nicolai Rapp,
Benedikt Gimber,
Luis Adv&iacute;ncula,
Jannik Dehm,
Eugen Polanski,
Eduardo Vargas,
Jonathan Schmid,
Nadiem Amiri,
Sebastian Rudy,
Pirmin Schwegler,
Steven Zuber,
Philipp Ochs,
Jiloan Hamad,
Tarik Elyounoussi,
Russell Canouse,
Kai Herdling,
Filip Malbasic,
J&uacute;nior Ponce,
Kevin Volland,
Mark Uth,
Andrej Kramaric,
Kevin Kuranyi,
Adam Szalai,
Joelinton,
Joshua Mees,
Christian Mathenia,
Patrick Platins,
Lukasz Za?uska,
Luca Caldirola,
Aytac Sulu,
Gy&ouml;rgy Garics,
Florian Jungwirth,
Fabian Holland,
Slobodan Rajkovic,
Junior Diaz,
Sandro Sirigu,
Benjamin Gorka,
Michael Stegmayer,
Noel Wembacher,
Jerome Gondorf,
Marcel Heller,
Tobias Kempe,
Peter Niemeyer,
Konstantin Rausch,
Jan Rosenthal,
Mario Vrancic,
Yannick Stark,
Milan Ivana,
Jan Finger,
Ali Kazimi,
Nick Volk,
Sandro Wagner,
Dominik Stroh-Engel,
Marco Sailer,
Felix Platte,
Felix Wiedwald,
Raphael Wolf,
Gerhard Tremmel,
Michael Zetterer,
Raif Husic,
Eric Oelschl&auml;gel,
Jannik Vestergaard,
Theodor Gebre Selassie,
Santiago Garcia,
Alejandro Galvez,
Papy Mison Djilobodji,
Assani Lukimya-Mulongoti,
Ulisses Garcia,
Janek Sternberg,
Milos Veljkovic,
Luca-Milan Zander,
Oliver H&uuml;sing,
Leon Guwara,
Mateo Pavlovi?,
Marnon Busch,
Fin Bartels,
Zlatko Junuzovic,
Clemens Fritz,
Levin &Ouml;ztunali,
Florian Grillitsch,
Philipp Bargfrede,
Sambou Yatabar&eacute;,
Felix Kroos,
Lukas Fr&ouml;de,
Lazlo Kleinheisler,
Maximilian Eggestein,
Marcel Hil&szlig;ner,
Cedrick Makiadi,
Levent Aycicek,
Izet Hajrovic,
&Ouml;zkan Yildirim,
Julian von Haacke,
Ludovic Obraniak,
Giorgi Papunashvili,
Anthony Ujah,
Claudio Pizarro,
Melvyn Lorenzen,
Aron Johannsson,
Lucas Hradecky,
Heinz Lindner,
Emil Balayev,
Yannick Zummack,
David Abraham,
Bastian Oczipka,
Carlos Zambrano,
Aleksandar Ignjovski,
Constant Djakpa,
Timothy Chandler,
Yanni Reg&auml;sel,
Kaan Ayhan,
David Kinsombi,
Anderson,
Makoto Hasebe,
Stefan Aigner,
Marco Russ,
Marc Stendera,
Stefan Reinartz,
Szabolcs Huszti,
Slobodan Medojevic,
Marco Fabian,
Sonny Kittel,
Mijat Gacinovic,
&Auml;nis Ben-Hatira,
Johannes Flum,
Joel Gerezgiher,
Takashi Inui,
Nico Rinderknecht,
Haris Seferovic,
Alexander Meier,
Luc Castaignos,
Luca Waldschmidt,
Vaclav Kadlec,
Enis Bunjaki,
Przemyslaw Tyton,
Odisseas Vlachodimos,
Mitchell Langerak,
Benjamin Uphoff,
Emiliano Insua,
Daniel Schwaab,
Florian Klein,
Toni Sunjic,
Georg Niedermeier,
Timo Baumgartl,
Kevin Gro&szlig;kreutz,
Adam Hlousek,
Philipp Heise,
Federico Barba,
Antonio R&uuml;diger,
Daniel Didavi,
Filip Kostic,
Lukas Rupp,
Christian Gentner,
Geoffroy Serey Die,
Alexandru Maxim,
Mart Ristl,
Arianit Ferati,
Robbie Kruse,
Carlos Gruezo,
Marvin Wanitzek,
Matthias Zimmermann,
Kevin St&ouml;ger,
Timo Werner,
Martin Harnik,
Artem Kravets,
Jan Kliment,
Daniel Ginczek,
Borys Tashchy,
Vedad Ibisevic,
Jerome Kiesewetter,
Ron-Robert Zieler,
Philipp Tschauner,
Samuel Radlinger,
Timo K&ouml;nigsmann,
Hiroki Sakai,
Christian Schulz,
Miko Albornoz,
Oliver Sorg,
Marcelo,
Alexander Milosevic,
Andre Hoffmann,
Felipe,
Waldemar Anton,
Vladimir Rankovic,
Yannik Schulze,
Niklas Teichgr&auml;ber,
Salif San&eacute;,
Kenan Karaman,
Manuel Schmiedebach,
Hiroshi Kiyotake,
Edgar Prib,
Felix Klaus,
Leon Andreasen,
Ceyhun G&uuml;lselam,
Uffe Bech,
Iver Fossum,
Hotaru Yamaguchi,
Valmir Sulejmani,
Mike-Steven B&auml;hre,
Maurice Hirsch,
Tim Dier&szlig;en,
Sebastian Ernst,
Artur Sobiech,
Allan Saint-Maximin,
Adam Szalai,
Mevlut Erdinc,
Charlison Benschop,
Hugo Almeida,
Noah-Joel Sarenren-Bazee,
Marius Wolf,
Alexander Schwolow,
Patric Klandt,
Konstantin Fuhry,
Christian G&uuml;nter,
Marc-Oliver Kempf,
Immanuel H&ouml;hn,
Marc Torrej&oacute;n,
Mensur Mujdza,
Pascal Stenzel,
Jonas F&ouml;hrenbach,
Vegar Eggen Hedenstad,
Lukas K&uuml;bler,
Amir Abrashi,
Nicolas H&ouml;fler,
Mike Frantz,
Vincenzo Grifo,
Lucas Hufnagel,
Julian Schuster,
Caleb Stanko,
Florian Kath,
Mats M&ouml;ller Daehli,
Marco Hingerl,
Nils Petersen,
Maximilian Philipp,
Karim Gued&eacute;,
Florian Niederlechner,
Tim Kleindienst,
Havard Nielsen,
Amir Falahen,
Fabian Schleusener,
Joshua Mees,
Philipp Zulechner,
Fabio Coltorti,
Peter Gulacsi,
Benjamin Bellot,
Willi Orban,
Lukas Klostermann,
Marcel Halstenberg,
Anthony Jung,
Marvin Compper,
Atinc Nukan,
Georg Teigl,
Tim Sebastian,
Ken Gipson,
Dimitri Skopintcev,
Mikko Sumusalo,
Marcel Sabitzer,
Dominik Kaiser,
Diego Demme,
Stefan Ilsanker,
Massimo Bruno,
Rani Khedira,
Zsolt Kalmar,
Stefan Hierl&auml;nder,
John-Patrick Strau&szlig;,
Yussuf Poulsen,
Emil Forsberg,
Davie Selke,
Nils Quaschner,
Idrissa Tour&eacute;,
Terrence Boyd,
Raphael Sch&auml;fer,
Thorsten Kirschbaum,
Patrick Rakovsky,
Benjamin Uphoff,
Miso Brecko,
Dave Bulthuis,
Tim Leibold,
Evan Hovland,
Laszlo Sepsi,
Georg Margreitter,
J&uuml;rgen M&ouml;ssmer,
Hanno Behrens,
Guido Burgstaller,
Niclas F&uuml;llkrug,
Danny Blum,
Kevin M&ouml;hwald,
Allesandro Sch&ouml;pf,
Sebastian Kerk,
Patrick Erras,
Jan Polak,
Ondrej Petrak,
Rurik Gislason,
Zolt&aacute;n Stieber,
Niklas Stark,
Robert Koch,
Timo Gebhart,
Willi Evseev,
Stefan Kutschke,
Jakub Sylvestr,
Philipp Hercher,
Cedric Teuchert,
Mariusz Stepinski,
Robin Himmelmann,
Philipp Heerwagen,
Svend Brodersen,
Daniel Buballa,
Lasse Sobiech,
Philipp Ziereis,
Marc Hornschuh,
Jeremy Dudziak,
Jan Philipp Kalla,
S&ouml;ren Gonther,
Yannick Deichmann,
Joel Keller,
Marcel Halstenberg,
Davidson Eden,
Andrej Startsev,
Davidson Drobo-Ampem,
Waldemar Sobota,
Christopher Buchtmann,
Marc Rzatkowski,
Enis Alushi,
Sebastian Maier,
Bernd Nehrig,
Kyoung-Rok Choi,
Ryo Miyaichi,
Dennis Rosin,
Maurice Litka,
Okan Kurt,
Armando Cooper,
Leroy Mickels,
Lennart Thy,
John Verhoek,
Fabrice-Jean Picault,
Ante Budimir,
Nico Empen,
Andreas Luthe,
Manuel Riemann,
Felix Dornebusch,
Stefano Celozzi,
Felix Bastians,
Patrick Fabian,
Timo Perthel,
Malcolm Cacutalua,
Giliano Wijnaldum,
Jan Simunek,
Jan Gyamerah,
David Niepsuj,
Robin Fechner,
Tim Hoogland,
Anthony Losilla,
Onur Bulut,
Thomas Eisfeld,
Arvydas Novikovas,
Michael Maria,
Tobias Weis,
Piotr Cwielong,
G&ouml;khan G&uuml;l,
Julian Stock,
Henrik Gulden,
Savino Marotta,
Simon Terodde,
Janik Haberer,
Marco Terrazzino,
Peniel Mlapa,
Nando Rafael,
Selim G&uuml;nd&uuml;z,
Daniel Haas,
Jakob Busk,
Steve Kroll,
Mohamed Amsif,
Benjamin Kessel,
Michael Parensen,
Christopher Trimmel,
Toni Leistner,
Roberto Puncec,
Emanuel Pogatetz,
Fabian Sch&ouml;nheim,
Denis Prychynenko,
Damir Kreilach,
Eroll Zejnullahu,
Dennis Daube,
Stephan F&uuml;rstner,
Kenny Prince Redondo,
Christopher Quiring,
Maximilian Thiel,
Felix Kroos,
Raffael Korte,
Adrian Nikci,
Benjamin K&ouml;hler,
Leonard Koch,
Bobby Wood,
S&ouml;ren Brandy,
Steven Skrzybski,
Collin Quaner,
Bajram Nebihi,
Dirk Orlishausen,
Ren&eacute; Vollath,
Florian Stritzel,
Manuel Gulde,
Dennis Kempe,
Martin Stoll,
Jan Mauersberger,
Sascha Traut,
Bjarne Thoelke,
Daniel Gordon,
Philipp Max,
Jannik Dehm,
Matthias Bader,
David Kinsombi,
Hiroki Yamada,
Manuel Torres,
Gaetan Krebs,
Enrico Valentini,
Boubacar Barry,
Jonas Meffert,
Dominic Peitz,
Grischa Pr&ouml;mel,
Ylli Sallahi,
Marvin Mehlem,
Tim Fahrenholz,
Jung-Bin Park,
Tim Grupp,
Erwin Hoffer,
Dimitrij Nazarov,
Dimitrios Diamantakos,
Mohamed Gouaida,
Vadim Manzon,
Pascal K&ouml;pke,
Rouwen Hennings,
Jan Zimmermann,
Kevin M&uuml;ller,
Sven Ullrich,
Arne Feick,
Kevin Kraus,
Robert Strau&szlig;,
Mathias Wittek,
Ronny Philp,
Tim G&ouml;hlert,
Sebastian Heidinger,
Maurizio Scioscia,
Timo Beermann,
Kevin Njie,
Marc Schnatterer,
Robert Leipertz,
Sebastian Griesbeck,
Norman Theuerkauf,
Ben Halloran,
Marcel Titsch-Rivero,
Tim Skarke,
Dominik Widemann,
Julius Reinhardt,
Dave Gnaase,
Smail Morabit,
Andreas Voglsammer,
Bard Finne,
Denis Thomalla,
Daniel Frahn,
Adriano Grimaldi,
Felix Schr&ouml;ter,
Rafal Gikiewicz,
Marcel Engelhardt,
Jasmin Fejzic,
Ken Reichel,
Saulo Decarli,
Joseph Baffo,
Phil Ofosu-Ayeh,
Maximilian Sauer,
Marcel Correia,
Deniz Dogan,
Dennis Slamar,
Mohammed Baghdadi,
Salim Khelifi,
Gerrit Holtmann,
Adam Matuschyk,
Mirko Boland,
Jan Hochscheidt,
Nik Omladic,
Hendrick Zuck,
Patrick Sch&ouml;nfeld,
Marc Pfitzner,
Niko Kijewski,
Damir Vrancic,
Orhan Ademi,
Emil Berggreen,
Domi Kumbela,
Julius D&uuml;ker,
Phillip Tietz,
Mads Hvilsom,
Torsten Oehrl,
Sebastian Mielitz,
Mark Flekken,
Bastian Lerch,
Leopold Zingerle,
Marco Caligiuri,
Niko Gie&szlig;elmann,
Benedikt R&ouml;cker,
Marcel Franke,
Sebastian Heidinger,
Stephan Schr&ouml;ck,
Stefan Thesker,
Nicolai Rapp,
Ronny Marcos,
Zsolt Korcsmar,
Marco Stiepermann,
J&uuml;rgen Gjasula,
Andreas Hofmann,
Tom Weilandt,
Goran Sukalo,
Maurice Hirsch,
Roberto Rodriguez,
Florian Trinks,
Andreas Lam,
Tim Bodenr&ouml;der,
Tom Trybull,
Veton Berisha,
Robert Zulj,
Sebastian Freis,
Johannes Wurtz,
Zlatko Tripic,
Ante Vukusic,
Domi Kumbela,
George Davies,
Stefan Maderer,
Marius M&uuml;ller,
Zlatan Alomerovic,
Julian Pollersbeck,
Stipe Vucur,
Jean Zimmer,
Chris L&ouml;we,
Tim Heubach,
Sascha Mockenhaupt,
Andr&eacute; Fomitschow,
Michael Schulze,
Michael Schultz,
Michael Schindele,
Ruben Yttergard Jenssen,
Daniel Halfar,
Markus Karl,
Patrick Ziegler,
Marcel Gaus,
Alexander Ring,
Mateusz Klich,
Marcus Piossek,
Manfred Osei Kwadwo,
Erik Thommy,
Mario Pokar,
Tino Schmidt,
Kacper Przybylko,
Antonio-Mirko Colak,
Maurice Deville,
Lukas G&ouml;rtler,
J&oacute;n Dadi B&ouml;dvarsson,
Robert Pich,
Stefan Mugosa,
Sebastian Jacob,
Erik Wekesser,
Marco Knaller,
Phillipp K&uuml;hn,
Rick Wulle,
Tim Kister,
Leart Paqarada,
Philipp Klingmann,
Florian H&uuml;bner,
Damian Ro&szlig;bach,
Daniel Schulz,
Seyi Olajengbesi,
Nico Hammann,
Denis Linsmayer,
Stefan Kulovits,
Marco Thiede,
Robert Zillner,
Jakub Kosecki,
Alexander Bieler,
Thomas Pledl,
Korbinian Vollmann,
Kevin Kratz,
Dominik Stolz,
Eric Schaaf,
Moritz Kuhn,
Erik Zenga,
Steven Zellner,
Manuel Stiefler,
Andrew Wooten,
Aziz Bouhaddouz,
Ranisav Jovanovic,
Jos&eacute; Pierre Vunguidica,
Wolfgang Hesl,
Nikolai Rehnen,
Daniel Davari,
Florian Dick,
Sebastian Schuppan,
Julian B&ouml;rner,
Stephan Salger,
Felix Burmeister,
Manuel Hornig,
Steffen Lang,
Samir Benamar,
Jonas Strifler,
Brian Behrendt,
David Ulm,
Manuel Junglas,
Tom Sch&uuml;tz,
Michael G&ouml;rlitz,
Dennis Mast,
Francisco Rodriguez,
Seung-Woo Ryu,
Christian M&uuml;ller,
Amin Affane,
Bj&ouml;rn Jopek,
Daniel Brinkmann,
Peer Kluge,
Marco Hober,
Fabian Klos,
Christoph Hemlein,
Christopher N&ouml;the,
Andreas Voglsammer,
Koen van der Biezen,
Vitus Eicher,
Stefan Ortega,
Michael Netolitzky,
Christopher Schindler,
Gary Kagelmacher,
Maximilian Wittek,
Milos Degenek,
Kai B&uuml;low,
Jan Mauersberger,
Rodnei,
Jannik Bandowski,
Vladimir Kovac,
Guillermo Vallori,
Ohis Felix Uduokhai,
Michael Liendl,
Daniel Adlung,
Daylon Claasen,
Korbinian Vollmann,
Valdet Rama,
Sertan Yegenoglu,
Levent Aycicek,
Romuald Lacazette,
Maximilian Beister,
Richard Neudecker,
Dominik Stahl,
Emanuel Taffertshofer,
Ilie Sanchez,
Goran Sukalo,
Rubin Okotie,
Stefan Mugosa,
Marius Wolf,
Sascha M&ouml;lders,
Stephane Mvibudulu,
Fejsal Mulic,
Nico Karger,
Stephan Hain,
Kriszti&aacute;n Simon,
Michael Rensing,
Lars Unnerstall,
Tim Wiesner,
Julian Schauerte,
Karim Haggui,
Lukas Schmitz,
Alexander Madlung,
Kevin Akpoguma,
Christian Strohdiek,
Christopher Avevor,
Fabian Holthaus,
Axel Bellinghausen,
Sercan Sararer,
Julian Koch,
Kerem Demirbay,
Oliver Fink,
Adam Bodzek,
Marcel Sobottka,
Michael Liendl,
Christian Gartner,
Sergio da Silva Pinto,
Kaan Akca,
Tugrul Erat,
Justin Kinjo,
Joel Pohjanpalo,
Ihlas Bebou,
Didier Ya Konan,
Mathis Bolly,
Charalampos Mavrias,
Nikola Djurdjic,
Mike van Duinen,
Emmanuel Iyoha,
R&uuml;zgar Kemal,
Andr&eacute; Weis,
S&ouml;ren Pirson,
Jannis Pellowski,
Alexander Huber,
Ehsan Haji Safi,
Shawn Maurice Barry,
Florian Ballas,
Lukas Gugganig,
Joan Oumari,
Alexander Bittroff,
Tom Beugelsdijk,
Gabriel Silva,
Heinrich Schmidtgal,
Markus Ballmert,
Florijon Belegu,
Marc Hornschuh,
Fanol Perdedaj,
Manuel Konrad,
Besar Halimi,
Denis Epstein,
Marc-Andr&eacute; Kruska,
Mario Engels,
Yann,
Zsolt Kalmar,
Timm Golley,
In-Hyeok Park,
Niki Zimling,
Joel Gerezgiher,
Denis Mangafic,
Nahom Gebru,
Leon Hammel,
Dani Schahin,
Zlatko Dedic,
Felipe Pires,
Edmond Kapllani,
Taiwo Awoniyi,
Mohamed Amine Aoudia,
Michael Ratajczak,
Maurice Schumacher,
Marcel Lenz,
Timothy Dieng,
Branimir Bajic,
Rolf Feltscher,
Thomas Mei&szlig;ner,
Dustin Bomheuer,
Dan-Patrick Poggenberg,
Lasha Dvali,
Gianluca Hossmann,
Matthias K&uuml;hne,
Erik Wille,
Nurettin Kayaoglu,
Kevin Wolze,
Steffen Bohl,
James Holland,
Tim Albutat,
Dennis Grote,
Zlatko Janjic,
Nico Klotz,
Martin Dausch,
Baris &Ouml;zbek,
Enis Hajri,
Pierre de Wit,
Andreas Wiegel,
Ahmet Engin,
Dominik Behr,
Kingsley Onuegbu,
Thomas Br&ouml;ker,
Giorgi Chanturia,
Stanislav Iljutcenko,
Kevin Scheidhauer,
Victor Obinna,
Toman&eacute;,
Simon Brandstetter,
Lukas Kruse,
Daniel Heuer-Fernandes,
Alexander N&uuml;bel,
Jonas Brammen,
Hauke Wahl,
Niklas Hoheneder,
Florian Hartherz,
Michael Heinloth,
Daniel Br&uuml;ckner,
Thomas Bertels,
Khaled Narey,
Tim Sebastian,
Uwe H&uuml;nemeier,
Florian Ruck,
Rafa,
Marvin Bakalorz,
Moritz Stoppelkamp,
S&uuml;leyman Koc,
Kevin St&ouml;ger,
Dominik Wydra,
Marcel Ndjeng,
Idir Ouali,
Robin Krau&szlig;e,
Mirnes Pepic,
Christian Bickel,
Sebastian Schonlau,
Oliver Kirch,
Marc Vucinovic,
Nick Proschwitz,
Mahir Saglik,
Niclas Helenius,
Marc Brasnic,
Srdjan Lakic,
Jakub Sylvestr,
Janis Blaswich,
Patrick Wiegers,
Markus Schubert,
Jean-Francois Kornetzky,
Christian Tietz,
Markus Scholz,
Patrick Wiegers,
Giuliano Modica,
Michael Hefele,
Fabian M&uuml;ller,
Niklas Kreuzer,
Nils Teixeira,
Jannik M&uuml;ller,
Fabian Holthaus,
Niklas Landgraf,
Justin Eilers,
Andreas Lambertz,
Marvin Stefaniak,
Aias Aosman,
Marco Hartmann,
Quirin Moll,
Jim-Patrick M&uuml;ller,
Sinan Tekerci,
Robert Andrich,
Luca D&uuml;rholtz,
Niklas Hauptmann,
Robin Flu&szlig;,
Pascal Testroet,
Stefan Kutschke,
Tim V&auml;yrynen,
Mathias Fetsch,
Tom Hagemann,
Martin M&auml;nnel,
Mario Seidel,
Robert Jendrusch,
Calogero Rizzuto,
Steve Breitkreuz,
Adam Susac,
Sebastian Hertner,
Julian Riedel,
Pawel Baranowski,
Benedikt Krug,
Marcin Sieber,
Nils Miatke,
&Ouml;mer Yildirim,
Philipp Riese,
Simon Skarlatidis,
Louis Samson,
Mario Kvesic,
Christian Tiffert,
Mike K&ouml;nnecke,
Simon Handle,
Cebio Soukou,
Bj&ouml;rn Kluft,
Philip Hauck,
Nicky Adler,
Max Wegner,
Pascal K&ouml;pke,
Tom Nattermann,
Hakki Yildiz,
Killien Jungen,
Robert Wulnikowski,
Dominik Brunnh&uuml;bner,
Kenan Mujezinovic,
Royal Dominique Fennell,
Richard Weil,
Clemens Schoppenhauer,
Dominik Nothnagel,
Peter Kurzweg,
Dennis Russ,
Paul Thomik,
Niklas Wei&szlig;enberger,
Christian Demirtas,
Nico Herzig,
Rico Benatelli,
Joannis Karsanidis,
Amir Shapourzadeh,
Nejmeddin Daghfous,
Daniel Nagy,
Marco Haller,
Lukas Billick,
Liridon Vocaj,
Emanuel Taffertshofer,
Nico Gutjahr,
Dennis Schmitt,
Adam Jabiri,
Christopher Bieber,
Elia Soriano,
Fabian Wei&szlig;,
Daniele Bruno,
Marvin Schw&auml;be,
Frank Lehmann,
Michael Hohnstedt,
Tobias Willers,
David Pisot,
Alexander Dercho,
Anthony Syhre,
Kim Falkenberg,
Lars Bleker,
Davide Grassi,
Nicolas Eiter,
Christian Gro&szlig;,
Massimo Ornatelli,
Marcos Alvarez,
Marcel Kandziora,
Sofien Chahed,
Maik Odenthal,
Simon T&uuml;ting,
Stephan Thee,
Deniz Taskesen,
Kamer Krasniqi,
Nicolas Feldhahn,
Tom Merkens,
Halil Savran,
Addy-Waku Menga,
Francky Sembolo,
Steffen Tigges,
Christopher G&auml;ng,
Kevin Broll,
Bojan Spasojevic,
Sebastian Schiek,
Julian Leist,
Kai Gehring,
Daniel H&auml;gele,
David Kienast,
Josip Landeka,
Mirko Schuster,
Felice Vecchione,
Robin Schuster,
Robin Binder,
Christian Heinrich,
Maximilian Dittgen,
Michele Rizzi,
Timo R&ouml;ttger,
Shqiprim Binakaj,
Bashkim Renneke,
Tobias Schr&ouml;ck,
Jeremias Lorch,
Nicolas J&uuml;llich,
Denis Berger,
Tobias R&uuml;hle,
Pascal Breier,
Roussel Ngankam,
Pascal Sohm,
Jan Niklas Schommer,
Jan Glinker,
Matthias Tischer,
Lukas Cichos,
Nils Butzen,
Christopher Handke,
Andre Hainault,
Michel Niemeyer,
Silvio Bankert,
Nico Hammann,
David Kinsombi,
Ryan Malone,
Felix Schiller,
Lukas Novy,
Marius Sowislo,
Niklas Brandt,
Jan L&ouml;hmannsr&ouml;ben,
Tarek Chahed,
Manuel Farrona Pulido,
Steffen Puttkammer,
Ahmed Razeek,
Burak Altiparmak,
Sebastian Ernst,
Kevin Kruschke,
Sven Reimann,
Marcel Schlosser,
Christian Beck,
Nicolas Hebisch,
Lars Fuchs,
Niklas Lomb,
Maximilian Schulze-Niehues,
Marco Aulbach,
Bj&ouml;rn Kopplin,
Marco Pischorn,
Felix M&uuml;ller,
Benjamin Schwarz,
Marc Heitmeier,
Chris Philipps,
Stephane Tritz,
Lion Schweers,
Kevin Sch&ouml;neberg,
Philipp R&ouml;he,
Simon Scherder,
Aaron Berzel,
Mehmet Kara,
Philipp Hoffmann,
Amaury Bischoff,
Charles Elie Laprevotte,
Danilo Wiebe,
Marcus Piossek,
Rogier Krohne,
Marcel Reichwein,
Cihan &Ouml;zkara,
Abdenour Amachaibou,
Adriano Grimaldi,
Lennart Stoll,
Jesse Wei&szlig;enfels,
Kevin Kunz,
Marius Gersbeck,
Daniel Batz,
Kevin Tittel,
Jamil Dem,
Nils R&ouml;seler,
Marc Endres,
Kevin Conrad,
Stefano Cincotta,
Alexander Nandzik,
Alexander Bittroff,
Marco Kehl-Gomez,
Tom Scheffel,
Jan Koch,
Dan-Patrick Poggenberg,
Tim Danneberg,
Philip T&uuml;rpitz,
Fabian Stenzel,
Reagy Ofosu,
Ville Matti Steinmann,
Marcel Kaffenberger,
Christian Cappek,
Alexander Dartsch,
Eke Uzoma,
Timo Cecen,
Marco Rapp,
Karol Karlik,
Marc Hensel,
Anton Fink,
Ronny K&ouml;nig,
Frank L&ouml;ning,
Daniel Frahn,
Tom Baumgart,
Martin Fenin,
Robin Zentner,
Niklas Jakusch,
Bernd Schipmann,
Kenneth Kronholm,
Patrick Herrmann,
Rafael Czichos,
Patrick Kohlmann,
Dominik Schmidt,
Eidur Aron Sigurbj&ouml;rnsson,
Manuel Hartmann,
Marlon Krause,
Hauke Wahl,
Arne Sicker,
Fabian Schnellhardt,
Tim Siedschlag,
Maik Kegel,
Denis Weidlich,
Evans Nyarko,
Manuel Janzer,
Finn Wirlmann,
Willi Evseev,
Rene Guder,
Milad Salem,
Marc Heider,
Manuel Sch&auml;ffler,
Steven Lewerenz,
Saliou Sane,
Mathias Fetsch,
Fabian Arndt,
Philipp Klewin,
Eric Domaschke,
Paul B&uuml;chel,
Mario Erb,
Andr&eacute; Laurito,
Jannis Nikolaou,
Luka Odak,
Juri Judt,
Fabian Hergesell,
Daniel Br&uuml;ckner,
Samir Benamar,
Sascha Eichmeier,
Jens M&ouml;ckel,
Thure Ilgner,
Okan Aydin,
Sebastian Tyrala,
Christoph Menz,
Pablo Pigl,
Marc H&ouml;cher,
Theodor Bergmann,
Florian Bichler,
Amer Kadric,
Patrick Schikowski,
Julian L&ouml;schner,
Fabian Burdenski,
Patrick Twardzik,
Carsten Kammlott,
Sebastian Szimayer,
Tugay Uzan,
Otis Breustedt,
Marcel Schuhen,
Johannes Brinkies,
Robin Schr&ouml;der,
Maximilian Ahlschwede,
Matthias Henn,
Dennis Erdmann,
Marcus Hoffmann,
Christian Dorda,
Florian Esdorf,
Markus Gr&ouml;ger,
Lukas Scherff,
Michael Gardawski,
Tobias J&auml;nicke,
Stephan Andrist,
Marco Kofler,
Marcel Gottschling,
Jose Alex Ikeng,
Ronny Garbuschewski,
Maik Baumgarten,
Kai Schwertfeger,
Melvin Platje,
Stefan Wannenwetsch,
Christer Youssef,
Tommy Grupe,
Christian Bickel,
Aleksandar Stevanovic,
Julius Perstaller,
Marcel Ziemer,
Soufian Benyamina,
Maik Lukowicz,
Hasan &Uuml;lker,
Andr&eacute; Poggenborg,
Tim Boss,
Antonio Vella,
Bon&eacute; Uaferro,
Daniel Flottmann,
Florian H&ouml;rnig,
Markus Pazurek,
Dennis Engelman,
Tobias Fink,
Cederic Mimbala,
Cimo-Patric R&ouml;cker,
Jannik Schneider,
Kunizka Kuss,
Burak Mus,
Julius Valentin Biada,
Lars Bender,
Hamdi Dahmani,
Kusi Kwame,
Kristoffer Andersen,
Michael Kessel,
Johannes Rahn,
Andreas Glockner,
Oliver Schr&ouml;der,
Cauly Oliveira Souza,
Kai-David B&ouml;sing,
Can Serdar,
Christopher Theisen,
Ozan Yilmaz,
Erg&uuml;n Pala,
Marco K&ouml;nigs,
Serhat Koruk,
Fabian Bredlow,
Lukas K&ouml;nigshofer,
Pierre Kleinheider,
Marco Engelhardt,
Stefan Kleineheismann,
Dominic Rau,
Jonas Acquistapace,
Florian Br&uuml;gmann,
Marcel Baude,
Max Barnhofsky,
Robin Urban,
Andr&eacute; Wallenborn,
Patrick Mouaya,
Alexander Schmitt,
Florian Krebs,
S&ouml;ren Bertram,
Dorian Diring,
Ivica Banovic,
Toni Lindenhahn,
Sascha Pfeffer,
Selim Aydemir,
Tim Kruse,
Maximilian Jansen,
Bj&ouml;rn Ziegenbein,
Mike-Steven B&auml;hre,
Osayamen Osawe,
Tobias M&uuml;ller,
Timo Furuholm,
Lukas Stagge,
Daniel Bernhardt,
Oliver Schnitzler,
Markus Schwabl,
Oliver Barth,
Fabian Menig,
Sebastian Neumann,
Thorsten Schulz,
Alexandros Kartalis,
Dennis Chessa,
Jonatan Kotzke,
Ruben Reisig,
Maximilian Welzm&uuml;ller,
Michael Klau&szlig;,
Robert M&uuml;ller,
Mika Ojala,
Vasiliadis Sebastian,
Nicola Zahner,
Dren Hodja,
Dwayn Holter,
Matthias Morys,
Dominick Drexler,
Steffen Kienle,
Gerrit Wegkamp,
Randy Edwini-Bonsu,
Rouven Sattelmaier,
Carl Klaus,
Korbinian M&uuml;ller,
Fabian Baumg&auml;rtel,
Fabio Leutenecker,
Marc Stein,
Hendrik Starostzik,
Manuel Bihr,
Alessandro Abruscia,
Sandrino Braun,
Edisson Jordanov,
Markus Mendler,
Gerrit M&uuml;ller,
Bentley Baxter Bahn,
Vincenzo Marchese,
Tobias Pachonik,
Klaus Gjasula,
Marco Gaiser,
Andreas Ivan,
Gratas Sirgedas,
Lasse Lehmann,
Daniel Lang,
Marco Calamita,
Daniel Kaiser,
Jose Alex Ikeng,
Erich Berko,
Lhadji Badiane,
Elia Soriano,
Manuel Fischer,
Stephane Mvibudulu,
Bajram Nebihi,
Petar Sliskovic,
Daniel Engelbrecht,
Jannik Huth,
Daniel Zeaiter,
Florian M&uuml;ller,
Lukas Watkowiak,
Denis Wieszolek,
Fabian Kalig,
Tobias Schilk,
Tevin Ihrig,
Marcel Costly,
Alexander Hack,
Malte Moos,
Patrick Schorr,
Charmaine H&auml;usl,
Niko Bungert,
Patrick Pfl&uuml;cke,
Daniel Bohl,
Devante Parker,
Julian Derstroff,
Benedikt Saller,
Philipp Klement,
Tim M&uuml;ller,
Suat Serdar,
Bilal Kamarieh,
Chinedu Ede,
Todor Nedelev,
Dennis Franzin,
Maximilian Wagener,
Maximilian Beister,
Christoph Moritz,
Alexander W&auml;hling,
Michael Falkenmayer,
Maxim Bujnov,
Marcel Hammann,
Lucas H&ouml;ler,
Araon Seydel,
Marc Wachs,
Tom Schmitt,
Daniel L&uuml;ck,
Ren&eacute; Renno,
Mateusz Trochanowski,
Avdo Spahic,
Robin Szarka,
Uwe M&ouml;hrle,
Christopher Schorch,
Cederic Mimbala,
Valentin Cretu,
Robert Berger,
Nestor Djengoue,
Philipp Knechtel,
Tim H&auml;u&szlig;ler,
Czyborra Michael,
Thomas H&uuml;bener,
Fabio Kaufmann,
Joni Kauko,
Manuel Zeitz,
Marco Holz,
Torsten Mattuschka,
Jonas Zickert,
Andrei Lungu,
Nikolas Ledgerwood,
Ronny Garbuschewski,
Felix Geisler,
Alihan Ayvaz,
Paul Maurer,
Patrick Breitkreuz,
Richard Sukuta-Pasu,
Mounir Bouziane,
Sven Michel,
Sergi Arimany,
Frederick Kyereh,
Andy Hebler,
Tobias Duffner,
Eric Oelschl&auml;gel,
Raphael Wolf,
Marnon Busch,
Oliver H&uuml;sing,
Jesper Verlaat,
Leon Guwara,
Torben Rehfeldt,
Angelos Argyris,
Luca-Milan Zander,
Patrick Mainka,
Milos Veljkovic,
Janek Sternberg,
Mateo Pavlovi?,
Ulisses Garcia,
Santiago Garcia,
Artur Piperkow,
Timo Dressler,
Leon Lingerski,
Burat Yigit,
Rafael Kazior,
Julian von Haacke,
Marcel Hil&szlig;ner,
Mohamed Aidara,
Bj&ouml;rn Rother,
Giorgi Papunashvili,
Ole K&auml;uper,
Levent Aycicek,
Lukas Fr&ouml;de,
Thore-Andreas Jacobsen,
Philipp Eggersgl&uuml;&szlig;,
Maximilian Eggestein,
&Ouml;zkan Yildirim,
Maik Lukowicz,
Abdullah Dogan,
Karim Raho,
Tobias Schwede,
Ousman Manneh,
Enis Bytyqi,
Martin Kobylanski,
Melvyn Lorenzen,
Onur Capin,
Florian Grillitsch,
Pedro G&uuml;thermann,
Marcus Kolke,
Niklas Reichel,
Maximilian Reule,
Thomas Geyer,
Niklas Dams,
Alf Mintzel,
Michael Vitzthum,
Steven Ruprecht,
Daniel Wein,
Fabian Franke,
Jonas Acquistapace,
Jonatan Kotzke,
David Blacha,
Marc Lorenz,
Kevin Schindler,
Patrick Funk,
Kevin Pezzoni,
Sebastian Mrowca,
Nils-Ole Book,
Jaroslaw Lindner,
Sven Mende,
Timm Golley,
Marius Kleinsorge,
Christian Cappek,
Michael Wiemann,
Alexander Riemann,
Luca Schnellbacher,
Torsten Oehrl,
Patrick Mayer,
Saer Sene,
Soufian Benyamina,
Benjamin Uphoff,
Marius Funk,
Niklas Bolten,
Mitchell Langerak,
Philipp Mwene,
Stefan Peric,
Stephen Sama,
Thomas Hagn,
Daniel Vier,
Benjamin Kirchhoff,
Francesco Lovric,
Mete Celik,
Philipp Heise,
Timo Baumgartl,
Marvin J&auml;ger,
Matthias Zimmermann,
Tobias Rathgeb,
Max Besuschkow,
Mart Ristl,
Arianit Ferati,
Marvin Wanitzek,
Jerome Kiesewetter,
Joel Sonora,
Simon Kranitz,
Marvin Wanitzek,
Marco Gr&uuml;ttner,
Daniele Gabriele,
Caniggia Ginola Elva,
Borys Tashchy,
Adrian Grbic,
Prince-Osei Owusu,
Cacau,
Daniel Ripic,
Jan Klimen,
Jeff Strasser,
Ren&eacute; Peters,
Daniel da Mota,
Jonathan Joubert,
Eric Hoffmann,
Carlo Weis,
Fran&ccedil;ois Konter,
Aur&eacute;lien Joachim,
Robby Langers,
Ben Payal,
Manuel Cardoni,
Erny Brenner,
Lars Gerson,
Gilbert Dresch,
Jeff Saibene,
Marcel Bossi,
Jean-Paul Girres,
Gilles Bettmer,
Mathias J&auml;nisch,
Nicolas Kettel,
Fernand Brosius,
Paul Philipp,
Guy Hellers,
Luc Holtz,
Jeannot Moes,
Hubert Meunier,
L&eacute;on Letsch,
Alphonse Leweck,
Marc Birsens,
S&eacute;bastien R&eacute;my,
Laurent Jans,
Louis Pilot,
Nicky Hoffmann,
Chris Philipps,
Jeannot Reiter,
Joseph Fischer,
Tom Schnell,
Th&eacute;o Malget,
Daniel Huss,
Benny Michaux,
Ady Schmit,
John van Rijswijck,
Stefano Bensi,
Camille Wagner,
Nico Braun,
David Turpel,
Kim Kintziger,
Charles Leweck,
Gilbert Dussier,
Manou Schauls,
Jim Hoffstetter,
Marcel Di Domenico,
Henri Cirelli,
Maurice Deville,
Claude Reiter,
Ren&eacute; Flenghi,
Jean-Pierre Vanek,
Fernand Jeitz,
Joel Groff,
Frank Deville,
Fernand Guth,
Ren&eacute; Hoffmann,
Gordon Braun,
Fran&ccedil;ois Dumont,
Tom Laterza,
Robert Mond,
Nico Wagner,
Dan Collette,
Dany Theis,
Johny Hoffmann,
Johny L&eacute;onard,
Christopher Martins,
Paul Steffen,
Paul Koch,
Jean Klein,
Josy Kirchens,
Victor Feller,
Kevin Malget,
Romain Michaux,
Guy Blaise,
Lacey Ingerson,
Aileen Owsley,
Elias Shahan,
Silva Penaflor,
Jonas Siemens,
Amanda Deschaine,
Martine Gillan,
Nakia Parcell,
Carlie Woodfork,
Hillary Crean,
Marisela Winebarger,
Jaimee Stepp,
Janeth Sterner,
Petra Mero,
Sheila Dumlao,
Rosetta Coaxum,
Samira Swartout,
Darnell Fred,
Tommy Edson,
Elvia Aronowitz,
Ty Keebler,
Melodi Bendel,
Suk Conwell,
Jalisa Ghee,
Chin Messina,
Claris Oliveras,
Rufina Appleton,
Nancee Branstetter,
Jeanice Apicella,
Mallory Howey,
Jamee Ayars,
Dell Buzzard,
Cherri Brisker,
Trinh Sly,
Samual Kensey,
Shirely Smithey,
Joel Gibson,
Joann Hayton,
Rhiannon Reeder,
Mercedez Hiltz,
Christa Greear,
Teresia Edmisten,
Yan Godina,
Tanja Ehrenberg,
Gale Terhaar,
King Jacome,
Joetta Phegley,
Genevive Nease,
Ernest Tindal,
Renetta Newton,
hanon Schmoll,
Sena Ayoub,
Ronald Coppinger,
Tyesha Carnley,
Renata Probert,
Marquitta Canterbury,
Katherina Reynold,
Oren Bilderback,
Katy Kastner,
Loriann Kerley,
Rebecca Dosch,
Long Pidgeon,
Antone Mcreynolds,
Joanna Platter,
Kimber Moroz,
Lydia Sweitzer,
Elicia Tritt,
Darcey Algarin,
Wendy Connell,
Wai Keltz,
Glendora Principato,
Georgann Polak,
Hyman Carstarphen,
Deneen Lotz,
Angle Matter,
Rebbecca Callejas,
Gwenda Granata,
Marvella Worsley,
Ryan Noland,
Lidia Hoffmann,
Errol Agostini,
Kyra Lokey,
Shamika Normandin,
Christel Dentler,
Andree Christina,
Teresita Autin,
Donna Geisel,
Ervin Wahlstrom,
Dorthy Bright,
Arcelia Grooms,
Curt Duryea,
Francis Pearman,
Elton Irwin,
Sunday Mosely,
Thaddeus Newell,
Victorina Cha,
Lucille Schwartzberg,
Sherell Muller,
Obdulia To,
Dortha Duford,
Herbert Jos Gorrissen,
Archibald Ernest Sheran,
Frederic Krahforst,
Bernhard Altendorfer,
This is a very long name with several middlenames,
what if there is a number 123,
oneWordOnly,
Samename Twice,
Samename Twice,
